Dr. Alexei Haddad=ALEXEI
Dr. Cyro Kanabushi=CYRO
Dr. Denilson Daleffe=DENILSON
Dr. Elcio Valloto Junior=ELCIO
Dr. Felipe Merchan Ferraz Grizzo=FELIPE
Dr. Marcio Beckhauser da Silva=MARCIO
Dr. Roger Leandro Nunes Ogassawara=ROGER
Dr. Thiago Candido da Rocha=THIAGO
